city,description
New York,"New York City is a global hub of finance, culture, and entertainment. Known as the city that never sleeps, it boasts iconic landmarks like Times Square, Central Park, and the Statue of Liberty. Its five boroughs offer diverse neighborhoods and cultures, from Manhattan’s skyline to Brooklyn’s arts scene. NYC is also home to world-renowned universities, theaters, and restaurants. The fast-paced lifestyle is balanced by countless green spaces and a robust transit system. As a melting pot of cultures, it attracts millions of tourists and professionals each year, maintaining its status as one of the world’s great cities."
Los Angeles,"Los Angeles is the entertainment capital of the world, famed for Hollywood, sunny beaches, and vibrant diversity. From surfing in Santa Monica to exploring art galleries downtown, LA offers endless activities. It’s a sprawling metropolis with neighborhoods like Beverly Hills, Venice, and Silver Lake, each with its unique charm. The city is a major center for film, television, music, and digital media. With a strong economy, renowned universities, and a mild Mediterranean climate, LA attracts creatives, tech professionals, and tourists from around the globe. Traffic may be infamous, but its cultural richness and scenic beauty make it unforgettable."
Chicago,"Chicago, located on Lake Michigan, is known for its stunning architecture, deep-dish pizza, and jazz music. It’s a city of neighborhoods, each offering its unique vibe, from the Loop’s skyscrapers to Wicker Park’s indie spirit. Chicago is a transportation hub and a major economic center, particularly for finance, tech, and manufacturing. Its public parks, such as Millennium Park, and institutions like the Art Institute, draw millions of visitors. Despite cold winters, the city’s warmth lies in its resilient, diverse communities. With passionate sports fans, world-class dining, and vibrant arts, Chicago remains a cornerstone of American urban life."
Toronto,"Toronto is Canada’s largest city and a global center of business, culture, and diversity. Located on Lake Ontario, it features a stunning skyline dominated by the CN Tower. The city’s multicultural makeup is reflected in its neighborhoods, cuisine, and festivals. Toronto offers top-tier education, healthcare, and public transport. Its thriving arts scene includes theaters, galleries, and film festivals. From bustling downtown to peaceful islands, it balances urban energy with natural beauty. As a tech and finance hub, Toronto attracts talent from around the world. Its inclusivity, safety, and livability make it one of the most desirable cities in North America."
Vancouver,"Vancouver, nestled between the Pacific Ocean and coastal mountains, is renowned for its natural beauty and high quality of life. The city offers outdoor adventures, cultural attractions, and a mild climate. From Stanley Park to Granville Island, there’s no shortage of scenic and cultural spots. Vancouver is a hub for film production, clean technology, and international trade. Its diverse population enriches the city’s culinary and cultural experiences. Efficient public transport, eco-conscious living, and proximity to nature make it unique among major cities. Whether skiing in winter or kayaking in summer, Vancouver offers an exceptional blend of urban and outdoor life."
Montreal,"Montreal is a vibrant bilingual city in Quebec, blending European charm with North American energy. Known for its historic architecture, world-class festivals, and culinary excellence, it’s a cultural capital of Canada. From Old Montreal’s cobblestone streets to the Plateau’s bohemian flair, the city pulses with creativity. It’s a hub for aerospace, tech, and education, home to several major universities. Montreal’s seasons are distinct, with snowy winters and lively summers. The arts scene is dynamic, featuring music, dance, and theatre. Rich in history and innovation, Montreal offers a unique lifestyle that’s both cosmopolitan and deeply rooted in tradition."
Berlin,"Berlin is Germany’s capital and a symbol of history, creativity, and reinvention. Known for its vibrant arts scene, cutting-edge technology sector, and rich political past, the city thrives on diversity and change. From the Brandenburg Gate to the Berlin Wall remnants, it reflects resilience and transformation. Berlin offers an eclectic mix of architecture, global cuisine, and non-stop nightlife. It’s a startup hotspot and cultural haven, with countless museums, galleries, and music venues. Green spaces like Tiergarten add tranquility. With affordable living and strong infrastructure, Berlin attracts artists, entrepreneurs, and students from around the world seeking inspiration and opportunity."
Munich,"Munich, the capital of Bavaria, is known for its historic charm, beer gardens, and high-tech economy. The city hosts Oktoberfest, the world’s largest beer festival, and features landmarks like Marienplatz and the English Garden. Munich blends tradition with innovation, being a hub for automotive, engineering, and biotech industries. Its quality of life is enhanced by excellent public transport, safety, and clean surroundings. The nearby Alps offer outdoor recreation year-round. Munich’s universities and research institutions attract global talent. With a strong economy, rich cultural life, and a perfect balance of work and leisure, Munich is one of Europe’s most livable cities."
Frankfurt,"Frankfurt is Germany’s financial capital, home to the European Central Bank and a key player in global finance. Its skyline, unique in Europe, features towering skyscrapers alongside historical landmarks. Frankfurt is also a transportation hub with one of the busiest airports in the world. Despite its corporate reputation, the city offers rich cultural experiences—museums, opera houses, and the vibrant Sachsenhausen district. Green spaces and the Main River add to its livability. Frankfurt’s blend of modernity and heritage, along with excellent infrastructure and international diversity, make it a dynamic place to live and work in the heart of Europe."
Paris,"Paris, the capital of France, is globally known for its art, fashion, gastronomy, and culture. The city’s landmarks—Eiffel Tower, Louvre, Notre-Dame—draw millions yearly. Paris is a cultural mecca, offering everything from haute couture to world-class cuisine. Its historic neighborhoods like Montmartre and Le Marais offer charm and character. Paris is also a hub for finance, tech, and education. Despite its bustling pace, the city maintains an air of elegance and romance. Scenic riverbanks, iconic cafes, and vibrant markets define Parisian life. As a center of global influence, Paris continues to inspire and attract dreamers, creatives, and professionals alike."
Lyon,"Lyon, located in southeastern France, is a UNESCO World Heritage site known for its gastronomy, history, and vibrant cultural scene. The city lies at the confluence of the Rhône and Saône rivers and offers a blend of Roman ruins, Renaissance architecture, and modern districts. It’s a culinary capital, home to bouchons and top chefs. Lyon also thrives in sectors like biotech, digital, and finance. Green spaces, efficient transport, and a strong sense of community enhance quality of life. With universities and festivals, the city buzzes with youthful energy. Lyon provides a unique mix of tradition and innovation in the heart of France."
Marseille,"Marseille, France’s oldest city, is a Mediterranean port with a rich blend of cultures and histories. Known for its vibrant street life, seafood cuisine, and historic Old Port, the city pulses with energy. Landmarks like Notre-Dame de la Garde and Calanques National Park offer scenic and spiritual charm. Marseille is a gateway to North Africa and a melting pot of influences. It has seen urban renewal in recent years, adding museums and modern infrastructure. The city thrives on diversity, maritime trade, and creativity. Its unique character, warm climate, and seaside beauty make Marseille a compelling destination to live or visit."
Mumbai,"Mumbai, India’s financial capital, is a bustling metropolis that never sleeps. It’s the heart of Bollywood, a major commercial hub, and a melting pot of cultures. The city showcases extreme contrasts—from skyscrapers to sprawling slums, historic landmarks to modern malls. Its coastline offers vibrant promenades, and its streets are alive with festivals, markets, and food vendors. Mumbai is also known for its resilience and entrepreneurial spirit. With opportunities in finance, entertainment, and tech, it draws migrants from across India. Despite challenges like congestion, its spirit, diversity, and ambition make Mumbai one of the most dynamic cities in the world."
Delhi,"Delhi, India’s capital, is a blend of ancient heritage and modern vibrancy. The city houses iconic sites like the Red Fort, Qutub Minar, and India Gate. As the political and cultural heart of India, it’s home to diverse communities, languages, and cuisines. Delhi offers rich experiences through its bustling markets, colonial architecture, and spiritual centers. It’s a key hub for education, tech, and governance. While traffic and pollution pose challenges, efforts in infrastructure and green spaces are ongoing. With deep-rooted traditions and rapid modernization, Delhi stands as a symbol of India’s past, present, and future, pulsating with life and energy."
Bangalore,"Bangalore, India’s Silicon Valley, is a thriving tech hub known for innovation, startups, and a youthful vibe. It combines a pleasant climate, cosmopolitan culture, and greenery, with parks like Lalbagh and Cubbon Park. The city hosts major IT firms, research institutions, and global corporations. Bangalore also boasts a buzzing food and nightlife scene, eclectic art spaces, and diverse communities. Its colonial-era charm mixes with modern developments. Despite traffic woes, Bangalore’s dynamism and opportunities attract talent from across the country. With its entrepreneurial spirit and quality education, the city continues to grow as a global center for technology and creativity."
Sao Paulo,"São Paulo is Brazil’s largest city and economic powerhouse, known for its skyscrapers, cultural diversity, and relentless energy. It’s a melting pot of communities, with vibrant Japanese, Italian, and Arab influences. The city is a financial and industrial hub, home to major multinational headquarters. São Paulo’s cultural life is rich—museums, theaters, and a world-class culinary scene thrive here. Though traffic and sprawl challenge its infrastructure, its metro and business districts connect millions daily. With endless nightlife, sports, and music scenes, the city pulses with passion and productivity. São Paulo remains a dynamic force in Latin America’s economy and cultural landscape."
Rio de Janeiro,"Rio de Janeiro is famous for its breathtaking landscapes, festive spirit, and iconic landmarks like Christ the Redeemer and Sugarloaf Mountain. Its beaches—Copacabana and Ipanema—draw locals and tourists alike. The city thrives on music, dance, and sport, especially samba and football. Despite urban challenges, Rio’s vibrant culture and natural beauty offer an irresistible charm. It’s a city of contrasts, where lush mountains meet urban life. With Carnival, street art, and a warm, welcoming vibe, Rio symbolizes Brazil’s soul. From favelas to luxury condos, Rio is a city that inspires, energizes, and captivates everyone who walks its colorful streets."
Brasilia,"Brasília, Brazil’s capital, is a modernist marvel designed by architect Oscar Niemeyer. Built in the 1960s, it stands out for its futuristic layout, wide avenues, and artistic structures. As the political center of Brazil, it houses government buildings, embassies, and national monuments. Unlike older cities, Brasília is highly planned, emphasizing symmetry and green spaces. Though lacking a historic downtown, its architectural beauty and efficiency are notable. The city also supports a growing tech and service sector. With good quality of life, safety, and cultural venues, Brasília blends governance, design, and modern urban planning like few cities in the world."
